,Category,Accident_Type,Year,Month,Value
26,0,0,2020,1,28.0
27,0,0,2020,2,40.0
28,0,0,2020,3,27.0
29,0,0,2020,4,26.0
30,0,0,2020,5,40.0
31,0,0,2020,6,49.0
32,0,0,2020,7,58.0
33,0,0,2020,8,46.0
34,0,0,2020,9,46.0
35,0,0,2020,10,34.0
36,0,0,2020,11,23.0
37,0,0,2020,12,13.0
39,0,0,2019,1,22.0
40,0,0,2019,2,28.0
41,0,0,2019,3,34.0
42,0,0,2019,4,36.0
43,0,0,2019,5,39.0
44,0,0,2019,6,40.0
45,0,0,2019,7,48.0
46,0,0,2019,8,31.0
47,0,0,2019,9,47.0
48,0,0,2019,10,45.0
49,0,0,2019,11,29.0
50,0,0,2019,12,35.0
52,0,0,2018,1,22.0
53,0,0,2018,2,24.0
54,0,0,2018,3,32.0
55,0,0,2018,4,25.0
56,0,0,2018,5,34.0
57,0,0,2018,6,39.0
58,0,0,2018,7,51.0
59,0,0,2018,8,40.0
60,0,0,2018,9,36.0
61,0,0,2018,10,43.0
62,0,0,2018,11,31.0
63,0,0,2018,12,21.0
65,0,0,2017,1,19.0
66,0,0,2017,2,22.0
67,0,0,2017,3,36.0
68,0,0,2017,4,26.0
69,0,0,2017,5,29.0
70,0,0,2017,6,41.0
71,0,0,2017,7,52.0
72,0,0,2017,8,30.0
73,0,0,2017,9,47.0
74,0,0,2017,10,32.0
75,0,0,2017,11,33.0
76,0,0,2017,12,42.0
78,0,0,2016,1,21.0
79,0,0,2016,2,10.0
80,0,0,2016,3,20.0
81,0,0,2016,4,27.0
82,0,0,2016,5,25.0
83,0,0,2016,6,30.0
84,0,0,2016,7,35.0
85,0,0,2016,8,34.0
86,0,0,2016,9,29.0
87,0,0,2016,10,30.0
88,0,0,2016,11,20.0
89,0,0,2016,12,20.0
91,0,0,2015,1,22.0
92,0,0,2015,2,23.0
93,0,0,2015,3,23.0
94,0,0,2015,4,29.0
95,0,0,2015,5,50.0
96,0,0,2015,6,39.0
97,0,0,2015,7,49.0
98,0,0,2015,8,49.0
99,0,0,2015,9,45.0
100,0,0,2015,10,25.0
101,0,0,2015,11,30.0
102,0,0,2015,12,27.0
104,0,0,2014,1,21.0
105,0,0,2014,2,17.0
106,0,0,2014,3,37.0
107,0,0,2014,4,35.0
108,0,0,2014,5,28.0
109,0,0,2014,6,31.0
110,0,0,2014,7,35.0
111,0,0,2014,8,32.0
112,0,0,2014,9,43.0
113,0,0,2014,10,36.0
114,0,0,2014,11,42.0
115,0,0,2014,12,25.0
117,0,0,2013,1,17.0
118,0,0,2013,2,15.0
119,0,0,2013,3,21.0
120,0,0,2013,4,28.0
121,0,0,2013,5,33.0
122,0,0,2013,6,37.0
123,0,0,2013,7,42.0
124,0,0,2013,8,39.0
125,0,0,2013,9,47.0
126,0,0,2013,10,31.0
127,0,0,2013,11,35.0
128,0,0,2013,12,32.0
130,0,0,2012,1,21.0
131,0,0,2012,2,18.0
132,0,0,2012,3,21.0
133,0,0,2012,4,34.0
134,0,0,2012,5,54.0
135,0,0,2012,6,43.0
136,0,0,2012,7,56.0
137,0,0,2012,8,55.0
138,0,0,2012,9,49.0
139,0,0,2012,10,32.0
140,0,0,2012,11,30.0
141,0,0,2012,12,27.0
143,0,0,2011,1,25.0
144,0,0,2011,2,25.0
145,0,0,2011,3,22.0
146,0,0,2011,4,43.0
147,0,0,2011,5,43.0
148,0,0,2011,6,27.0
149,0,0,2011,7,39.0
150,0,0,2011,8,34.0
151,0,0,2011,9,36.0
152,0,0,2011,10,26.0
153,0,0,2011,11,40.0
154,0,0,2011,12,37.0
156,0,0,2010,1,19.0
157,0,0,2010,2,23.0
158,0,0,2010,3,31.0
159,0,0,2010,4,33.0
160,0,0,2010,5,34.0
161,0,0,2010,6,39.0
162,0,0,2010,7,48.0
163,0,0,2010,8,40.0
164,0,0,2010,9,54.0
165,0,0,2010,10,27.0
166,0,0,2010,11,28.0
167,0,0,2010,12,26.0
169,0,0,2009,1,23.0
170,0,0,2009,2,32.0
171,0,0,2009,3,14.0
172,0,0,2009,4,45.0
173,0,0,2009,5,57.0
174,0,0,2009,6,31.0
175,0,0,2009,7,44.0
176,0,0,2009,8,35.0
177,0,0,2009,9,49.0
178,0,0,2009,10,35.0
179,0,0,2009,11,31.0
180,0,0,2009,12,34.0
182,0,0,2008,1,32.0
183,0,0,2008,2,30.0
184,0,0,2008,3,30.0
185,0,0,2008,4,25.0
186,0,0,2008,5,57.0
187,0,0,2008,6,56.0
188,0,0,2008,7,52.0
189,0,0,2008,8,44.0
190,0,0,2008,9,49.0
191,0,0,2008,10,45.0
192,0,0,2008,11,27.0
193,0,0,2008,12,35.0
195,0,0,2007,1,36.0
196,0,0,2007,2,32.0
197,0,0,2007,3,38.0
198,0,0,2007,4,49.0
199,0,0,2007,5,63.0
200,0,0,2007,6,51.0
201,0,0,2007,7,65.0
202,0,0,2007,8,44.0
203,0,0,2007,9,54.0
204,0,0,2007,10,55.0
205,0,0,2007,11,36.0
206,0,0,2007,12,37.0
208,0,0,2006,1,44.0
209,0,0,2006,2,50.0
210,0,0,2006,3,40.0
211,0,0,2006,4,40.0
212,0,0,2006,5,53.0
213,0,0,2006,6,51.0
214,0,0,2006,7,64.0
215,0,0,2006,8,48.0
216,0,0,2006,9,64.0
217,0,0,2006,10,45.0
218,0,0,2006,11,48.0
219,0,0,2006,12,52.0
221,0,0,2005,1,48.0
222,0,0,2005,2,40.0
223,0,0,2005,3,40.0
224,0,0,2005,4,40.0
225,0,0,2005,5,48.0
226,0,0,2005,6,57.0
227,0,0,2005,7,63.0
228,0,0,2005,8,48.0
229,0,0,2005,9,76.0
230,0,0,2005,10,57.0
231,0,0,2005,11,42.0
232,0,0,2005,12,41.0
234,0,0,2004,1,42.0
235,0,0,2004,2,48.0
236,0,0,2004,3,44.0
237,0,0,2004,4,37.0
238,0,0,2004,5,55.0
239,0,0,2004,6,58.0
240,0,0,2004,7,67.0
241,0,0,2004,8,58.0
242,0,0,2004,9,79.0
243,0,0,2004,10,68.0
244,0,0,2004,11,51.0
245,0,0,2004,12,52.0
247,0,0,2003,1,55.0
248,0,0,2003,2,44.0
249,0,0,2003,3,53.0
250,0,0,2003,4,50.0
251,0,0,2003,5,65.0
252,0,0,2003,6,82.0
253,0,0,2003,7,76.0
254,0,0,2003,8,66.0
255,0,0,2003,9,63.0
256,0,0,2003,10,74.0
257,0,0,2003,11,44.0
258,0,0,2003,12,58.0
260,0,0,2002,1,44.0
261,0,0,2002,2,49.0
262,0,0,2002,3,61.0
263,0,0,2002,4,65.0
264,0,0,2002,5,58.0
265,0,0,2002,6,74.0
266,0,0,2002,7,84.0
267,0,0,2002,8,71.0
268,0,0,2002,9,107.0
269,0,0,2002,10,83.0
270,0,0,2002,11,44.0
271,0,0,2002,12,63.0
273,0,0,2001,1,66.0
274,0,0,2001,2,49.0
275,0,0,2001,3,63.0
276,0,0,2001,4,68.0
277,0,0,2001,5,85.0
278,0,0,2001,6,68.0
279,0,0,2001,7,71.0
280,0,0,2001,8,60.0
281,0,0,2001,9,107.0
282,0,0,2001,10,77.0
283,0,0,2001,11,68.0
284,0,0,2001,12,66.0
286,0,0,2000,1,78.0
287,0,0,2000,2,53.0
288,0,0,2000,3,73.0
289,0,0,2000,4,78.0
290,0,0,2000,5,96.0
291,0,0,2000,6,57.0
292,0,0,2000,7,99.0
293,0,0,2000,8,77.0
294,0,0,2000,9,84.0
295,0,0,2000,10,83.0
296,0,0,2000,11,71.0
297,0,0,2000,12,85.0
324,0,1,2020,1,11.0
325,0,1,2020,2,19.0
326,0,1,2020,3,13.0
327,0,1,2020,4,15.0
328,0,1,2020,5,26.0
329,0,1,2020,6,30.0
330,0,1,2020,7,43.0
331,0,1,2020,8,29.0
332,0,1,2020,9,24.0
333,0,1,2020,10,20.0
334,0,1,2020,11,11.0
335,0,1,2020,12,9.0
337,0,1,2019,1,7.0
338,0,1,2019,2,7.0
339,0,1,2019,3,22.0
340,0,1,2019,4,18.0
341,0,1,2019,5,21.0
342,0,1,2019,6,24.0
343,0,1,2019,7,34.0
344,0,1,2019,8,23.0
345,0,1,2019,9,20.0
346,0,1,2019,10,20.0
347,0,1,2019,11,19.0
348,0,1,2019,12,12.0
350,0,1,2018,1,8.0
351,0,1,2018,2,13.0
352,0,1,2018,3,12.0
353,0,1,2018,4,8.0
354,0,1,2018,5,23.0
355,0,1,2018,6,14.0
356,0,1,2018,7,29.0
357,0,1,2018,8,18.0
358,0,1,2018,9,22.0
359,0,1,2018,10,16.0
360,0,1,2018,11,13.0
361,0,1,2018,12,6.0
363,0,1,2017,1,4.0
364,0,1,2017,2,4.0
365,0,1,2017,3,15.0
366,0,1,2017,4,10.0
367,0,1,2017,5,16.0
368,0,1,2017,6,27.0
369,0,1,2017,7,18.0
370,0,1,2017,8,14.0
371,0,1,2017,9,22.0
372,0,1,2017,10,16.0
373,0,1,2017,11,13.0
374,0,1,2017,12,17.0
376,0,1,2016,1,6.0
377,0,1,2016,2,3.0
378,0,1,2016,3,6.0
379,0,1,2016,4,8.0
380,0,1,2016,5,17.0
381,0,1,2016,6,19.0
382,0,1,2016,7,23.0
383,0,1,2016,8,12.0
384,0,1,2016,9,22.0
385,0,1,2016,10,11.0
386,0,1,2016,11,7.0
387,0,1,2016,12,10.0
389,0,1,2015,1,21.0
390,0,1,2015,2,3.0
391,0,1,2015,3,9.0
392,0,1,2015,4,23.0
393,0,1,2015,5,30.0
394,0,1,2015,6,19.0
395,0,1,2015,7,37.0
396,0,1,2015,8,29.0
397,0,1,2015,9,25.0
398,0,1,2015,10,12.0
399,0,1,2015,11,11.0
400,0,1,2015,12,6.0
402,0,1,2014,1,4.0
403,0,1,2014,2,7.0
404,0,1,2014,3,16.0
405,0,1,2014,4,15.0
406,0,1,2014,5,19.0
407,0,1,2014,6,16.0
408,0,1,2014,7,21.0
409,0,1,2014,8,13.0
410,0,1,2014,9,18.0
411,0,1,2014,10,21.0
412,0,1,2014,11,14.0
413,0,1,2014,12,3.0
415,0,1,2013,1,2.0
416,0,1,2013,2,0.0
417,0,1,2013,3,8.0
418,0,1,2013,4,5.0
419,0,1,2013,5,21.0
420,0,1,2013,6,20.0
421,0,1,2013,7,24.0
422,0,1,2013,8,22.0
423,0,1,2013,9,17.0
424,0,1,2013,10,12.0
425,0,1,2013,11,12.0
426,0,1,2013,12,10.0
428,0,1,2012,1,11.0
429,0,1,2012,2,5.0
430,0,1,2012,3,5.0
431,0,1,2012,4,22.0
432,0,1,2012,5,33.0
433,0,1,2012,6,35.0
434,0,1,2012,7,30.0
435,0,1,2012,8,31.0
436,0,1,2012,9,24.0
437,0,1,2012,10,6.0
438,0,1,2012,11,10.0
439,0,1,2012,12,11.0
441,0,1,2011,1,16.0
442,0,1,2011,2,7.0
443,0,1,2011,3,9.0
444,0,1,2011,4,27.0
445,0,1,2011,5,20.0
446,0,1,2011,6,21.0
447,0,1,2011,7,27.0
448,0,1,2011,8,17.0
449,0,1,2011,9,22.0
450,0,1,2011,10,10.0
451,0,1,2011,11,16.0
452,0,1,2011,12,6.0
454,0,1,2010,1,7.0
455,0,1,2010,2,10.0
456,0,1,2010,3,12.0
457,0,1,2010,4,25.0
458,0,1,2010,5,15.0
459,0,1,2010,6,20.0
460,0,1,2010,7,29.0
461,0,1,2010,8,25.0
462,0,1,2010,9,26.0
463,0,1,2010,10,13.0
464,0,1,2010,11,7.0
465,0,1,2010,12,12.0
467,0,1,2009,1,7.0
468,0,1,2009,2,12.0
469,0,1,2009,3,5.0
470,0,1,2009,4,31.0
471,0,1,2009,5,34.0
472,0,1,2009,6,19.0
473,0,1,2009,7,27.0
474,0,1,2009,8,26.0
475,0,1,2009,9,18.0
476,0,1,2009,10,15.0
477,0,1,2009,11,5.0
478,0,1,2009,12,14.0
480,0,1,2008,1,8.0
481,0,1,2008,2,16.0
482,0,1,2008,3,9.0
483,0,1,2008,4,10.0
484,0,1,2008,5,37.0
485,0,1,2008,6,32.0
486,0,1,2008,7,24.0
487,0,1,2008,8,23.0
488,0,1,2008,9,28.0
489,0,1,2008,10,19.0
490,0,1,2008,11,14.0
491,0,1,2008,12,20.0
493,0,1,2007,1,13.0
494,0,1,2007,2,15.0
495,0,1,2007,3,14.0
496,0,1,2007,4,27.0
497,0,1,2007,5,39.0
498,0,1,2007,6,27.0
499,0,1,2007,7,38.0
500,0,1,2007,8,20.0
501,0,1,2007,9,24.0
502,0,1,2007,10,18.0
503,0,1,2007,11,26.0
504,0,1,2007,12,20.0
506,0,1,2006,1,21.0
507,0,1,2006,2,21.0
508,0,1,2006,3,14.0
509,0,1,2006,4,16.0
510,0,1,2006,5,28.0
511,0,1,2006,6,22.0
512,0,1,2006,7,37.0
513,0,1,2006,8,25.0
514,0,1,2006,9,35.0
515,0,1,2006,10,24.0
516,0,1,2006,11,22.0
517,0,1,2006,12,21.0
519,0,1,2005,1,13.0
520,0,1,2005,2,14.0
521,0,1,2005,3,13.0
522,0,1,2005,4,19.0
523,0,1,2005,5,21.0
524,0,1,2005,6,31.0
525,0,1,2005,7,26.0
526,0,1,2005,8,33.0
527,0,1,2005,9,50.0
528,0,1,2005,10,35.0
529,0,1,2005,11,14.0
530,0,1,2005,12,12.0
532,0,1,2004,1,10.0
533,0,1,2004,2,21.0
534,0,1,2004,3,18.0
535,0,1,2004,4,10.0
536,0,1,2004,5,30.0
537,0,1,2004,6,25.0
538,0,1,2004,7,44.0
539,0,1,2004,8,47.0
540,0,1,2004,9,41.0
541,0,1,2004,10,26.0
542,0,1,2004,11,20.0
543,0,1,2004,12,12.0
545,0,1,2003,1,18.0
546,0,1,2003,2,16.0
547,0,1,2003,3,17.0
548,0,1,2003,4,25.0
549,0,1,2003,5,26.0
550,0,1,2003,6,41.0
551,0,1,2003,7,35.0
552,0,1,2003,8,40.0
553,0,1,2003,9,26.0
554,0,1,2003,10,17.0
555,0,1,2003,11,31.0
556,0,1,2003,12,27.0
558,0,1,2002,1,24.0
559,0,1,2002,2,22.0
560,0,1,2002,3,21.0
561,0,1,2002,4,28.0
562,0,1,2002,5,32.0
563,0,1,2002,6,42.0
564,0,1,2002,7,40.0
565,0,1,2002,8,29.0
566,0,1,2002,9,51.0
567,0,1,2002,10,53.0
568,0,1,2002,11,10.0
569,0,1,2002,12,27.0
571,0,1,2001,1,36.0
572,0,1,2001,2,20.0
573,0,1,2001,3,36.0
574,0,1,2001,4,32.0
575,0,1,2001,5,32.0
576,0,1,2001,6,46.0
577,0,1,2001,7,35.0
578,0,1,2001,8,21.0
579,0,1,2001,9,48.0
580,0,1,2001,10,37.0
581,0,1,2001,11,25.0
582,0,1,2001,12,23.0
584,0,1,2000,1,37.0
585,0,1,2000,2,19.0
586,0,1,2000,3,18.0
587,0,1,2000,4,26.0
588,0,1,2000,5,44.0
589,0,1,2000,6,32.0
590,0,1,2000,7,37.0
591,0,1,2000,8,32.0
592,0,1,2000,9,45.0
593,0,1,2000,10,31.0
594,0,1,2000,11,24.0
595,0,1,2000,12,31.0
622,1,0,2020,1,791.0
623,1,0,2020,2,870.0
624,1,0,2020,3,744.0
625,1,0,2020,4,607.0
626,1,0,2020,5,859.0
627,1,0,2020,6,905.0
628,1,0,2020,7,1010.0
629,1,0,2020,8,735.0
630,1,0,2020,9,948.0
631,1,0,2020,10,997.0
632,1,0,2020,11,864.0
633,1,0,2020,12,694.0
635,1,0,2019,1,927.0
636,1,0,2019,2,883.0
637,1,0,2019,3,1005.0
638,1,0,2019,4,967.0
639,1,0,2019,5,1014.0
640,1,0,2019,6,994.0
641,1,0,2019,7,1187.0
642,1,0,2019,8,820.0
643,1,0,2019,9,996.0
644,1,0,2019,10,1088.0
645,1,0,2019,11,967.0
646,1,0,2019,12,925.0
648,1,0,2018,1,860.0
649,1,0,2018,2,774.0
650,1,0,2018,3,954.0
651,1,0,2018,4,1010.0
652,1,0,2018,5,994.0
653,1,0,2018,6,1034.0
654,1,0,2018,7,1151.0
655,1,0,2018,8,813.0
656,1,0,2018,9,1102.0
657,1,0,2018,10,1127.0
658,1,0,2018,11,929.0
659,1,0,2018,12,900.0
661,1,0,2017,1,690.0
662,1,0,2017,2,846.0
663,1,0,2017,3,1060.0
664,1,0,2017,4,895.0
665,1,0,2017,5,1070.0
666,1,0,2017,6,948.0
667,1,0,2017,7,1064.0
668,1,0,2017,8,831.0
669,1,0,2017,9,1009.0
670,1,0,2017,10,1052.0
671,1,0,2017,11,925.0
672,1,0,2017,12,873.0
674,1,0,2016,1,777.0
675,1,0,2016,2,775.0
676,1,0,2016,3,898.0
677,1,0,2016,4,998.0
678,1,0,2016,5,850.0
679,1,0,2016,6,1018.0
680,1,0,2016,7,1095.0
681,1,0,2016,8,958.0
682,1,0,2016,9,958.0
683,1,0,2016,10,1022.0
684,1,0,2016,11,960.0
685,1,0,2016,12,870.0
687,1,0,2015,1,781.0
688,1,0,2015,2,713.0
689,1,0,2015,3,908.0
690,1,0,2015,4,966.0
691,1,0,2015,5,940.0
692,1,0,2015,6,952.0
693,1,0,2015,7,1176.0
694,1,0,2015,8,864.0
695,1,0,2015,9,1007.0
696,1,0,2015,10,1110.0
697,1,0,2015,11,991.0
698,1,0,2015,12,950.0
700,1,0,2014,1,778.0
701,1,0,2014,2,742.0
702,1,0,2014,3,993.0
703,1,0,2014,4,946.0
704,1,0,2014,5,925.0
705,1,0,2014,6,880.0
706,1,0,2014,7,1029.0
707,1,0,2014,8,802.0
708,1,0,2014,9,936.0
709,1,0,2014,10,1042.0
710,1,0,2014,11,943.0
711,1,0,2014,12,830.0
713,1,0,2013,1,796.0
714,1,0,2013,2,773.0
715,1,0,2013,3,906.0
716,1,0,2013,4,1038.0
717,1,0,2013,5,848.0
718,1,0,2013,6,1055.0
719,1,0,2013,7,1138.0
720,1,0,2013,8,791.0
721,1,0,2013,9,1000.0
722,1,0,2013,10,1074.0
723,1,0,2013,11,939.0
724,1,0,2013,12,828.0
726,1,0,2012,1,713.0
727,1,0,2012,2,714.0
728,1,0,2012,3,946.0
729,1,0,2012,4,919.0
730,1,0,2012,5,1035.0
731,1,0,2012,6,1041.0
732,1,0,2012,7,1045.0
733,1,0,2012,8,887.0
734,1,0,2012,9,921.0
735,1,0,2012,10,1090.0
736,1,0,2012,11,984.0
737,1,0,2012,12,810.0
739,1,0,2011,1,726.0
740,1,0,2011,2,760.0
741,1,0,2011,3,883.0
742,1,0,2011,4,835.0
743,1,0,2011,5,1034.0
744,1,0,2011,6,783.0
745,1,0,2011,7,951.0
746,1,0,2011,8,790.0
747,1,0,2011,9,906.0
748,1,0,2011,10,916.0
749,1,0,2011,11,842.0
750,1,0,2011,12,832.0
752,1,0,2010,1,613.0
753,1,0,2010,2,683.0
754,1,0,2010,3,829.0
755,1,0,2010,4,938.0
756,1,0,2010,5,743.0
757,1,0,2010,6,814.0
758,1,0,2010,7,932.0
759,1,0,2010,8,794.0
760,1,0,2010,9,955.0
761,1,0,2010,10,910.0
762,1,0,2010,11,827.0
763,1,0,2010,12,861.0
765,1,0,2009,1,512.0
766,1,0,2009,2,802.0
767,1,0,2009,3,607.0
768,1,0,2009,4,776.0
769,1,0,2009,5,768.0
770,1,0,2009,6,678.0
771,1,0,2009,7,991.0
772,1,0,2009,8,752.0
773,1,0,2009,9,846.0
774,1,0,2009,10,953.0
775,1,0,2009,11,835.0
776,1,0,2009,12,747.0
778,1,0,2008,1,727.0
779,1,0,2008,2,793.0
780,1,0,2008,3,763.0
781,1,0,2008,4,837.0
782,1,0,2008,5,871.0
783,1,0,2008,6,859.0
784,1,0,2008,7,832.0
785,1,0,2008,8,760.0
786,1,0,2008,9,747.0
787,1,0,2008,10,874.0
788,1,0,2008,11,625.0
789,1,0,2008,12,657.0
791,1,0,2007,1,699.0
792,1,0,2007,2,612.0
793,1,0,2007,3,411.0
794,1,0,2007,4,821.0
795,1,0,2007,5,858.0
796,1,0,2007,6,804.0
797,1,0,2007,7,935.0
798,1,0,2007,8,759.0
799,1,0,2007,9,797.0
800,1,0,2007,10,873.0
801,1,0,2007,11,868.0
802,1,0,2007,12,690.0
804,1,0,2006,1,708.0
805,1,0,2006,2,698.0
806,1,0,2006,3,1138.0
807,1,0,2006,4,750.0
808,1,0,2006,5,476.0
809,1,0,2006,6,565.0
810,1,0,2006,7,845.0
811,1,0,2006,8,774.0
812,1,0,2006,9,718.0
813,1,0,2006,10,599.0
814,1,0,2006,11,494.0
815,1,0,2006,12,864.0
817,1,0,2005,1,749.0
818,1,0,2005,2,961.0
819,1,0,2005,3,1115.0
820,1,0,2005,4,937.0
821,1,0,2005,5,902.0
822,1,0,2005,6,901.0
823,1,0,2005,7,951.0
824,1,0,2005,8,811.0
825,1,0,2005,9,1086.0
826,1,0,2005,10,962.0
827,1,0,2005,11,845.0
828,1,0,2005,12,817.0
830,1,0,2004,1,828.0
831,1,0,2004,2,723.0
832,1,0,2004,3,817.0
833,1,0,2004,4,875.0
834,1,0,2004,5,867.0
835,1,0,2004,6,859.0
836,1,0,2004,7,970.0
837,1,0,2004,8,784.0
838,1,0,2004,9,957.0
839,1,0,2004,10,1022.0
840,1,0,2004,11,903.0
841,1,0,2004,12,942.0
843,1,0,2003,1,747.0
844,1,0,2003,2,572.0
845,1,0,2003,3,854.0
846,1,0,2003,4,844.0
847,1,0,2003,5,763.0
848,1,0,2003,6,855.0
849,1,0,2003,7,562.0
850,1,0,2003,8,698.0
851,1,0,2003,9,945.0
852,1,0,2003,10,960.0
853,1,0,2003,11,953.0
854,1,0,2003,12,858.0
856,1,0,2002,1,852.0
857,1,0,2002,2,817.0
858,1,0,2002,3,897.0
859,1,0,2002,4,784.0
860,1,0,2002,5,857.0
861,1,0,2002,6,987.0
862,1,0,2002,7,1026.0
863,1,0,2002,8,785.0
864,1,0,2002,9,1039.0
865,1,0,2002,10,1019.0
866,1,0,2002,11,882.0
867,1,0,2002,12,706.0
869,1,0,2001,1,871.0
870,1,0,2001,2,820.0
871,1,0,2001,3,962.0
872,1,0,2001,4,897.0
873,1,0,2001,5,1081.0
874,1,0,2001,6,905.0
875,1,0,2001,7,1047.0
876,1,0,2001,8,814.0
877,1,0,2001,9,953.0
878,1,0,2001,10,1104.0
879,1,0,2001,11,1001.0
880,1,0,2001,12,941.0
882,1,0,2000,1,835.0
883,1,0,2000,2,890.0
884,1,0,2000,3,974.0
885,1,0,2000,4,834.0
886,1,0,2000,5,1086.0
887,1,0,2000,6,842.0
888,1,0,2000,7,1102.0
889,1,0,2000,8,881.0
890,1,0,2000,9,978.0
891,1,0,2000,10,1078.0
892,1,0,2000,11,1017.0
893,1,0,2000,12,950.0
920,1,1,2020,1,28.0
921,1,1,2020,2,34.0
922,1,1,2020,3,33.0
923,1,1,2020,4,34.0
924,1,1,2020,5,34.0
925,1,1,2020,6,49.0
926,1,1,2020,7,58.0
927,1,1,2020,8,36.0
928,1,1,2020,9,49.0
929,1,1,2020,10,50.0
930,1,1,2020,11,27.0
931,1,1,2020,12,33.0
933,1,1,2019,1,32.0
934,1,1,2019,2,26.0
935,1,1,2019,3,44.0
936,1,1,2019,4,35.0
937,1,1,2019,5,41.0
938,1,1,2019,6,61.0
939,1,1,2019,7,81.0
940,1,1,2019,8,37.0
941,1,1,2019,9,55.0
942,1,1,2019,10,45.0
943,1,1,2019,11,41.0
944,1,1,2019,12,43.0
946,1,1,2018,1,40.0
947,1,1,2018,2,40.0
948,1,1,2018,3,35.0
949,1,1,2018,4,44.0
950,1,1,2018,5,43.0
951,1,1,2018,6,49.0
952,1,1,2018,7,72.0
953,1,1,2018,8,39.0
954,1,1,2018,9,59.0
955,1,1,2018,10,60.0
956,1,1,2018,11,37.0
957,1,1,2018,12,37.0
959,1,1,2017,1,22.0
960,1,1,2017,2,41.0
961,1,1,2017,3,36.0
962,1,1,2017,4,36.0
963,1,1,2017,5,60.0
964,1,1,2017,6,54.0
965,1,1,2017,7,65.0
966,1,1,2017,8,38.0
967,1,1,2017,9,59.0
968,1,1,2017,10,59.0
969,1,1,2017,11,48.0
970,1,1,2017,12,33.0
972,1,1,2016,1,31.0
973,1,1,2016,2,24.0
974,1,1,2016,3,41.0
975,1,1,2016,4,42.0
976,1,1,2016,5,44.0
977,1,1,2016,6,54.0
978,1,1,2016,7,61.0
979,1,1,2016,8,70.0
980,1,1,2016,9,70.0
981,1,1,2016,10,44.0
982,1,1,2016,11,32.0
983,1,1,2016,12,35.0
985,1,1,2015,1,19.0
986,1,1,2015,2,18.0
987,1,1,2015,3,49.0
988,1,1,2015,4,45.0
989,1,1,2015,5,41.0
990,1,1,2015,6,54.0
991,1,1,2015,7,65.0
992,1,1,2015,8,36.0
993,1,1,2015,9,49.0
994,1,1,2015,10,52.0
995,1,1,2015,11,43.0
996,1,1,2015,12,38.0
998,1,1,2014,1,29.0
999,1,1,2014,2,22.0
1000,1,1,2014,3,46.0
1001,1,1,2014,4,55.0
1002,1,1,2014,5,50.0
1003,1,1,2014,6,58.0
1004,1,1,2014,7,62.0
1005,1,1,2014,8,43.0
1006,1,1,2014,9,60.0
1007,1,1,2014,10,55.0
1008,1,1,2014,11,42.0
1009,1,1,2014,12,35.0
1011,1,1,2013,1,29.0
1012,1,1,2013,2,22.0
1013,1,1,2013,3,33.0
1014,1,1,2013,4,50.0
1015,1,1,2013,5,43.0
1016,1,1,2013,6,54.0
1017,1,1,2013,7,68.0
1018,1,1,2013,8,36.0
1019,1,1,2013,9,53.0
1020,1,1,2013,10,53.0
1021,1,1,2013,11,53.0
1022,1,1,2013,12,27.0
1024,1,1,2012,1,32.0
1025,1,1,2012,2,20.0
1026,1,1,2012,3,44.0
1027,1,1,2012,4,37.0
1028,1,1,2012,5,64.0
1029,1,1,2012,6,61.0
1030,1,1,2012,7,64.0
1031,1,1,2012,8,64.0
1032,1,1,2012,9,61.0
1033,1,1,2012,10,61.0
1034,1,1,2012,11,49.0
1035,1,1,2012,12,23.0
1037,1,1,2011,1,26.0
1038,1,1,2011,2,26.0
1039,1,1,2011,3,32.0
1040,1,1,2011,4,55.0
1041,1,1,2011,5,68.0
1042,1,1,2011,6,49.0
1043,1,1,2011,7,56.0
1044,1,1,2011,8,35.0
1045,1,1,2011,9,52.0
1046,1,1,2011,10,36.0
1047,1,1,2011,11,33.0
1048,1,1,2011,12,30.0
1050,1,1,2010,1,17.0
1051,1,1,2010,2,21.0
1052,1,1,2010,3,29.0
1053,1,1,2010,4,41.0
1054,1,1,2010,5,31.0
1055,1,1,2010,6,57.0
1056,1,1,2010,7,65.0
1057,1,1,2010,8,48.0
1058,1,1,2010,9,42.0
1059,1,1,2010,10,49.0
1060,1,1,2010,11,33.0
1061,1,1,2010,12,23.0
1063,1,1,2009,1,22.0
1064,1,1,2009,2,35.0
1065,1,1,2009,3,20.0
1066,1,1,2009,4,43.0
1067,1,1,2009,5,49.0
1068,1,1,2009,6,34.0
1069,1,1,2009,7,61.0
1070,1,1,2009,8,40.0
1071,1,1,2009,9,37.0
1072,1,1,2009,10,47.0
1073,1,1,2009,11,34.0
1074,1,1,2009,12,37.0
1076,1,1,2008,1,27.0
1077,1,1,2008,2,29.0
1078,1,1,2008,3,25.0
1079,1,1,2008,4,41.0
1080,1,1,2008,5,57.0
1081,1,1,2008,6,59.0
1082,1,1,2008,7,48.0
1083,1,1,2008,8,55.0
1084,1,1,2008,9,48.0
1085,1,1,2008,10,46.0
1086,1,1,2008,11,27.0
1087,1,1,2008,12,27.0
1089,1,1,2007,1,19.0
1090,1,1,2007,2,33.0
1091,1,1,2007,3,20.0
1092,1,1,2007,4,43.0
1093,1,1,2007,5,48.0
1094,1,1,2007,6,50.0
1095,1,1,2007,7,59.0
1096,1,1,2007,8,39.0
1097,1,1,2007,9,41.0
1098,1,1,2007,10,49.0
1099,1,1,2007,11,46.0
1100,1,1,2007,12,29.0
1102,1,1,2006,1,31.0
1103,1,1,2006,2,33.0
1104,1,1,2006,3,34.0
1105,1,1,2006,4,25.0
1106,1,1,2006,5,33.0
1107,1,1,2006,6,40.0
1108,1,1,2006,7,78.0
1109,1,1,2006,8,40.0
1110,1,1,2006,9,66.0
1111,1,1,2006,10,43.0
1112,1,1,2006,11,38.0
1113,1,1,2006,12,44.0
1115,1,1,2005,1,24.0
1116,1,1,2005,2,22.0
1117,1,1,2005,3,33.0
1118,1,1,2005,4,45.0
1119,1,1,2005,5,52.0
1120,1,1,2005,6,53.0
1121,1,1,2005,7,65.0
1122,1,1,2005,8,37.0
1123,1,1,2005,9,81.0
1124,1,1,2005,10,54.0
1125,1,1,2005,11,27.0
1126,1,1,2005,12,32.0
1128,1,1,2004,1,33.0
1129,1,1,2004,2,31.0
1130,1,1,2004,3,20.0
1131,1,1,2004,4,39.0
1132,1,1,2004,5,41.0
1133,1,1,2004,6,53.0
1134,1,1,2004,7,83.0
1135,1,1,2004,8,48.0
1136,1,1,2004,9,63.0
1137,1,1,2004,10,40.0
1138,1,1,2004,11,46.0
1139,1,1,2004,12,45.0
1141,1,1,2003,1,21.0
1142,1,1,2003,2,20.0
1143,1,1,2003,3,44.0
1144,1,1,2003,4,30.0
1145,1,1,2003,5,56.0
1146,1,1,2003,6,81.0
1147,1,1,2003,7,35.0
1148,1,1,2003,8,41.0
1149,1,1,2003,9,50.0
1150,1,1,2003,10,47.0
1151,1,1,2003,11,59.0
1152,1,1,2003,12,78.0
1154,1,1,2002,1,36.0
1155,1,1,2002,2,33.0
1156,1,1,2002,3,39.0
1157,1,1,2002,4,37.0
1158,1,1,2002,5,73.0
1159,1,1,2002,6,74.0
1160,1,1,2002,7,72.0
1161,1,1,2002,8,50.0
1162,1,1,2002,9,77.0
1163,1,1,2002,10,49.0
1164,1,1,2002,11,50.0
1165,1,1,2002,12,38.0
1167,1,1,2001,1,44.0
1168,1,1,2001,2,51.0
1169,1,1,2001,3,43.0
1170,1,1,2001,4,68.0
1171,1,1,2001,5,67.0
1172,1,1,2001,6,78.0
1173,1,1,2001,7,83.0
1174,1,1,2001,8,57.0
1175,1,1,2001,9,40.0
1176,1,1,2001,10,85.0
1177,1,1,2001,11,32.0
1178,1,1,2001,12,39.0
1180,1,1,2000,1,34.0
1181,1,1,2000,2,35.0
1182,1,1,2000,3,48.0
1183,1,1,2000,4,57.0
1184,1,1,2000,5,69.0
1185,1,1,2000,6,58.0
1186,1,1,2000,7,67.0
1187,1,1,2000,8,74.0
1188,1,1,2000,9,68.0
1189,1,1,2000,10,47.0
1190,1,1,2000,11,56.0
1191,1,1,2000,12,45.0
1218,2,0,2020,1,3139.0
1219,2,0,2020,2,3271.0
1220,2,0,2020,3,2825.0
1221,2,0,2020,4,2251.0
1222,2,0,2020,5,3193.0
1223,2,0,2020,6,3380.0
1224,2,0,2020,7,4031.0
1225,2,0,2020,8,3007.0
1226,2,0,2020,9,3659.0
1227,2,0,2020,10,3867.0
1228,2,0,2020,11,3150.0
1229,2,0,2020,12,2661.0
1231,2,0,2019,1,3440.0
1232,2,0,2019,2,3442.0
1233,2,0,2019,3,3940.0
1234,2,0,2019,4,3781.0
1235,2,0,2019,5,4046.0
1236,2,0,2019,6,3727.0
1237,2,0,2019,7,4763.0
1238,2,0,2019,8,3214.0
1239,2,0,2019,9,4042.0
1240,2,0,2019,10,4348.0
1241,2,0,2019,11,3805.0
1242,2,0,2019,12,3462.0
1244,2,0,2018,1,3328.0
1245,2,0,2018,2,3109.0
1246,2,0,2018,3,3796.0
1247,2,0,2018,4,4016.0
1248,2,0,2018,5,3953.0
1249,2,0,2018,6,4284.0
1250,2,0,2018,7,4547.0
1251,2,0,2018,8,3206.0
1252,2,0,2018,9,4124.0
1253,2,0,2018,10,4468.0
1254,2,0,2018,11,4027.0
1255,2,0,2018,12,3550.0
1257,2,0,2017,1,3320.0
1258,2,0,2017,2,3223.0
1259,2,0,2017,3,4106.0
1260,2,0,2017,4,3533.0
1261,2,0,2017,5,4314.0
1262,2,0,2017,6,3818.0
1263,2,0,2017,7,4355.0
1264,2,0,2017,8,3267.0
1265,2,0,2017,9,4017.0
1266,2,0,2017,10,4198.0
1267,2,0,2017,11,3809.0
1268,2,0,2017,12,3494.0
1270,2,0,2016,1,3297.0
1271,2,0,2016,2,3383.0
1272,2,0,2016,3,3653.0
1273,2,0,2016,4,4209.0
1274,2,0,2016,5,3833.0
1275,2,0,2016,6,4260.0
1276,2,0,2016,7,4478.0
1277,2,0,2016,8,3400.0
1278,2,0,2016,9,4289.0
1279,2,0,2016,10,4297.0
1280,2,0,2016,11,3998.0
1281,2,0,2016,12,3700.0
1283,2,0,2015,1,3326.0
1284,2,0,2015,2,3090.0
1285,2,0,2015,3,3888.0
1286,2,0,2015,4,4022.0
1287,2,0,2015,5,3915.0
1288,2,0,2015,6,3898.0
1289,2,0,2015,7,4729.0
1290,2,0,2015,8,3431.0
1291,2,0,2015,9,4015.0
1292,2,0,2015,10,4467.0
1293,2,0,2015,11,3992.0
1294,2,0,2015,12,3862.0
1296,2,0,2014,1,3410.0
1297,2,0,2014,2,3315.0
1298,2,0,2014,3,4027.0
1299,2,0,2014,4,3840.0
1300,2,0,2014,5,4346.0
1301,2,0,2014,6,3833.0
1302,2,0,2014,7,4443.0
1303,2,0,2014,8,3379.0
1304,2,0,2014,9,4137.0
1305,2,0,2014,10,4251.0
1306,2,0,2014,11,3904.0
1307,2,0,2014,12,3919.0
1309,2,0,2013,1,3316.0
1310,2,0,2013,2,3467.0
1311,2,0,2013,3,3712.0
1312,2,0,2013,4,4008.0
1313,2,0,2013,5,3703.0
1314,2,0,2013,6,4284.0
1315,2,0,2013,7,4641.0
1316,2,0,2013,8,3387.0
1317,2,0,2013,9,4130.0
1318,2,0,2013,10,4533.0
1319,2,0,2013,11,4043.0
1320,2,0,2013,12,3764.0
1322,2,0,2012,1,3176.0
1323,2,0,2012,2,3102.0
1324,2,0,2012,3,3739.0
1325,2,0,2012,4,3667.0
1326,2,0,2012,5,4114.0
1327,2,0,2012,6,4018.0
1328,2,0,2012,7,4281.0
1329,2,0,2012,8,3452.0
1330,2,0,2012,9,3962.0
1331,2,0,2012,10,4146.0
1332,2,0,2012,11,3839.0
1333,2,0,2012,12,3395.0
1335,2,0,2011,1,2775.0
1336,2,0,2011,2,2903.0
1337,2,0,2011,3,3523.0
1338,2,0,2011,4,3529.0
1339,2,0,2011,5,4143.0
1340,2,0,2011,6,3212.0
1341,2,0,2011,7,4074.0
1342,2,0,2011,8,3322.0
1343,2,0,2011,9,3730.0
1344,2,0,2011,10,3830.0
1345,2,0,2011,11,3567.0
1346,2,0,2011,12,3506.0
1348,2,0,2010,1,2346.0
1349,2,0,2010,2,2539.0
1350,2,0,2010,3,3309.0
1351,2,0,2010,4,3202.0
1352,2,0,2010,5,2974.0
1353,2,0,2010,6,3193.0
1354,2,0,2010,7,3712.0
1355,2,0,2010,8,2843.0
1356,2,0,2010,9,3524.0
1357,2,0,2010,10,3500.0
1358,2,0,2010,11,3329.0
1359,2,0,2010,12,3413.0
1361,2,0,2009,1,2482.0
1362,2,0,2009,2,3480.0
1363,2,0,2009,3,2744.0
1364,2,0,2009,4,2953.0
1365,2,0,2009,5,3240.0
1366,2,0,2009,6,2876.0
1367,2,0,2009,7,3622.0
1368,2,0,2009,8,2749.0
1369,2,0,2009,9,3252.0
1370,2,0,2009,10,3567.0
1371,2,0,2009,11,3294.0
1372,2,0,2009,12,3202.0
1374,2,0,2008,1,2945.0
1375,2,0,2008,2,3171.0
1376,2,0,2008,3,2910.0
1377,2,0,2008,4,3339.0
1378,2,0,2008,5,3428.0
1379,2,0,2008,6,3374.0
1380,2,0,2008,7,3500.0
1381,2,0,2008,8,2870.0
1382,2,0,2008,9,3271.0
1383,2,0,2008,10,3683.0
1384,2,0,2008,11,2983.0
1385,2,0,2008,12,2888.0
1387,2,0,2007,1,2735.0
1388,2,0,2007,2,2643.0
1389,2,0,2007,3,2836.0
1390,2,0,2007,4,3292.0
1391,2,0,2007,5,3529.0
1392,2,0,2007,6,3225.0
1393,2,0,2007,7,3622.0
1394,2,0,2007,8,2943.0
1395,2,0,2007,9,3414.0
1396,2,0,2007,10,3695.0
1397,2,0,2007,11,3444.0
1398,2,0,2007,12,3184.0
1400,2,0,2006,1,2893.0
1401,2,0,2006,2,2901.0
1402,2,0,2006,3,4165.0
1403,2,0,2006,4,2874.0
1404,2,0,2006,5,3032.0
1405,2,0,2006,6,2853.0
1406,2,0,2006,7,3611.0
1407,2,0,2006,8,2993.0
1408,2,0,2006,9,3233.0
1409,2,0,2006,10,3286.0
1410,2,0,2006,11,3073.0
1411,2,0,2006,12,3419.0
1413,2,0,2005,1,2788.0
1414,2,0,2005,2,3461.0
1415,2,0,2005,3,3560.0
1416,2,0,2005,4,3320.0
1417,2,0,2005,5,3321.0
1418,2,0,2005,6,3499.0
1419,2,0,2005,7,3631.0
1420,2,0,2005,8,2965.0
1421,2,0,2005,9,3921.0
1422,2,0,2005,10,3503.0
1423,2,0,2005,11,3205.0
1424,2,0,2005,12,3549.0
1426,2,0,2004,1,2969.0
1427,2,0,2004,2,2728.0
1428,2,0,2004,3,3271.0
1429,2,0,2004,4,3183.0
1430,2,0,2004,5,3378.0
1431,2,0,2004,6,3229.0
1432,2,0,2004,7,3760.0
1433,2,0,2004,8,2926.0
1434,2,0,2004,9,3663.0
1435,2,0,2004,10,3716.0
1436,2,0,2004,11,3449.0
1437,2,0,2004,12,3792.0
1439,2,0,2003,1,3073.0
1440,2,0,2003,2,2968.0
1441,2,0,2003,3,3060.0
1442,2,0,2003,4,3106.0
1443,2,0,2003,5,3255.0
1444,2,0,2003,6,3139.0
1445,2,0,2003,7,3321.0
1446,2,0,2003,8,2837.0
1447,2,0,2003,9,3393.0
1448,2,0,2003,10,3631.0
1449,2,0,2003,11,3325.0
1450,2,0,2003,12,3527.0
1452,2,0,2002,1,3063.0
1453,2,0,2002,2,2892.0
1454,2,0,2002,3,3380.0
1455,2,0,2002,4,3142.0
1456,2,0,2002,5,3731.0
1457,2,0,2002,6,3586.0
1458,2,0,2002,7,3960.0
1459,2,0,2002,8,3007.0
1460,2,0,2002,9,3436.0
1461,2,0,2002,10,3859.0
1462,2,0,2002,11,3529.0
1463,2,0,2002,12,3023.0
1465,2,0,2001,1,3348.0
1466,2,0,2001,2,3148.0
1467,2,0,2001,3,3970.0
1468,2,0,2001,4,3565.0
1469,2,0,2001,5,4128.0
1470,2,0,2001,6,3715.0
1471,2,0,2001,7,4288.0
1472,2,0,2001,8,3351.0
1473,2,0,2001,9,3939.0
1474,2,0,2001,10,4250.0
1475,2,0,2001,11,4022.0
1476,2,0,2001,12,3989.0
1478,2,0,2000,1,3448.0
1479,2,0,2000,2,3181.0
1480,2,0,2000,3,3783.0
1481,2,0,2000,4,3317.0
1482,2,0,2000,5,4123.0
1483,2,0,2000,6,3329.0
1484,2,0,2000,7,4282.0
1485,2,0,2000,8,3387.0
1486,2,0,2000,9,3807.0
1487,2,0,2000,10,4117.0
1488,2,0,2000,11,3931.0
1489,2,0,2000,12,3789.0
1516,2,2,2020,1,301.0
1517,2,2,2020,2,306.0
1518,2,2,2020,3,270.0
1519,2,2,2020,4,314.0
1520,2,2,2020,5,416.0
1521,2,2,2020,6,496.0
1522,2,2,2020,7,717.0
1523,2,2,2020,8,487.0
1524,2,2,2020,9,555.0
1525,2,2,2020,10,489.0
1526,2,2,2020,11,297.0
1527,2,2,2020,12,270.0
1529,2,2,2019,1,243.0
1530,2,2,2019,2,289.0
1531,2,2,2019,3,369.0
1532,2,2,2019,4,426.0
1533,2,2,2019,5,416.0
1534,2,2,2019,6,615.0
1535,2,2,2019,7,762.0
1536,2,2,2019,8,451.0
1537,2,2,2019,9,533.0
1538,2,2,2019,10,500.0
1539,2,2,2019,11,383.0
1540,2,2,2019,12,326.0
1542,2,2,2018,1,290.0
1543,2,2,2018,2,265.0
1544,2,2,2018,3,331.0
1545,2,2,2018,4,519.0
1546,2,2,2018,5,528.0
1547,2,2,2018,6,622.0
1548,2,2,2018,7,714.0
1549,2,2,2018,8,456.0
1550,2,2,2018,9,528.0
1551,2,2,2018,10,529.0
1552,2,2,2018,11,407.0
1553,2,2,2018,12,282.0
1555,2,2,2017,1,242.0
1556,2,2,2017,2,277.0
1557,2,2,2017,3,407.0
1558,2,2,2017,4,365.0
1559,2,2,2017,5,545.0
1560,2,2,2017,6,568.0
1561,2,2,2017,7,611.0
1562,2,2,2017,8,447.0
1563,2,2,2017,9,430.0
1564,2,2,2017,10,490.0
1565,2,2,2017,11,373.0
1566,2,2,2017,12,307.0
1568,2,2,2016,1,298.0
1569,2,2,2016,2,305.0
1570,2,2,2016,3,299.0
1571,2,2,2016,4,447.0
1572,2,2,2016,5,502.0
1573,2,2,2016,6,592.0
1574,2,2,2016,7,623.0
1575,2,2,2016,8,469.0
1576,2,2,2016,9,627.0
1577,2,2,2016,10,448.0
1578,2,2,2016,11,402.0
1579,2,2,2016,12,317.0
1581,2,2,2015,1,263.0
1582,2,2,2015,2,262.0
1583,2,2,2015,3,376.0
1584,2,2,2015,4,495.0
1585,2,2,2015,5,487.0
1586,2,2,2015,6,560.0
1587,2,2,2015,7,708.0
1588,2,2,2015,8,481.0
1589,2,2,2015,9,509.0
1590,2,2,2015,10,475.0
1591,2,2,2015,11,430.0
1592,2,2,2015,12,384.0
1594,2,2,2014,1,324.0
1595,2,2,2014,2,309.0
1596,2,2,2014,3,460.0
1597,2,2,2014,4,455.0
1598,2,2,2014,5,536.0
1599,2,2,2014,6,558.0
1600,2,2,2014,7,654.0
1601,2,2,2014,8,432.0
1602,2,2,2014,9,534.0
1603,2,2,2014,10,529.0
1604,2,2,2014,11,401.0
1605,2,2,2014,12,331.0
1607,2,2,2013,1,254.0
1608,2,2,2013,2,263.0
1609,2,2,2013,3,284.0
1610,2,2,2013,4,440.0
1611,2,2,2013,5,454.0
1612,2,2,2013,6,580.0
1613,2,2,2013,7,812.0
1614,2,2,2013,8,514.0
1615,2,2,2013,9,531.0
1616,2,2,2013,10,510.0
1617,2,2,2013,11,388.0
1618,2,2,2013,12,356.0
1620,2,2,2012,1,273.0
1621,2,2,2012,2,233.0
1622,2,2,2012,3,424.0
1623,2,2,2012,4,394.0
1624,2,2,2012,5,596.0
1625,2,2,2012,6,577.0
1626,2,2,2012,7,632.0
1627,2,2,2012,8,545.0
1628,2,2,2012,9,532.0
1629,2,2,2012,10,477.0
1630,2,2,2012,11,394.0
1631,2,2,2012,12,248.0
1633,2,2,2011,1,255.0
1634,2,2,2011,2,264.0
1635,2,2,2011,3,373.0
1636,2,2,2011,4,505.0
1637,2,2,2011,5,636.0
1638,2,2,2011,6,399.0
1639,2,2,2011,7,532.0
1640,2,2,2011,8,402.0
1641,2,2,2011,9,441.0
1642,2,2,2011,10,393.0
1643,2,2,2011,11,359.0
1644,2,2,2011,12,315.0
1646,2,2,2010,1,147.0
1647,2,2,2010,2,200.0
1648,2,2,2010,3,291.0
1649,2,2,2010,4,377.0
1650,2,2,2010,5,320.0
1651,2,2,2010,6,440.0
1652,2,2,2010,7,619.0
1653,2,2,2010,8,416.0
1654,2,2,2010,9,456.0
1655,2,2,2010,10,432.0
1656,2,2,2010,11,319.0
1657,2,2,2010,12,223.0
1659,2,2,2009,1,184.0
1660,2,2,2009,2,273.0
1661,2,2,2009,3,202.0
1662,2,2,2009,4,357.0
1663,2,2,2009,5,454.0
1664,2,2,2009,6,371.0
1665,2,2,2009,7,476.0
1666,2,2,2009,8,376.0
1667,2,2,2009,9,388.0
1668,2,2,2009,10,360.0
1669,2,2,2009,11,312.0
1670,2,2,2009,12,312.0
1672,2,2,2008,1,260.0
1673,2,2,2008,2,279.0
1674,2,2,2008,3,210.0
1675,2,2,2008,4,315.0
1676,2,2,2008,5,445.0
1677,2,2,2008,6,424.0
1678,2,2,2008,7,459.0
1679,2,2,2008,8,402.0
1680,2,2,2008,9,360.0
1681,2,2,2008,10,373.0
1682,2,2,2008,11,281.0
1683,2,2,2008,12,230.0
1685,2,2,2007,1,218.0
1686,2,2,2007,2,217.0
1687,2,2,2007,3,293.0
1688,2,2,2007,4,396.0
1689,2,2,2007,5,482.0
1690,2,2,2007,6,444.0
1691,2,2,2007,7,435.0
1692,2,2,2007,8,344.0
1693,2,2,2007,9,385.0
1694,2,2,2007,10,405.0
1695,2,2,2007,11,324.0
1696,2,2,2007,12,333.0
1698,2,2,2006,1,291.0
1699,2,2,2006,2,237.0
1700,2,2,2006,3,275.0
1701,2,2,2006,4,301.0
1702,2,2,2006,5,471.0
1703,2,2,2006,6,406.0
1704,2,2,2006,7,671.0
1705,2,2,2006,8,422.0
1706,2,2,2006,9,407.0
1707,2,2,2006,10,500.0
1708,2,2,2006,11,384.0
1709,2,2,2006,12,386.0
1711,2,2,2005,1,244.0
1712,2,2,2005,2,229.0
1713,2,2,2005,3,299.0
1714,2,2,2005,4,422.0
1715,2,2,2005,5,521.0
1716,2,2,2005,6,627.0
1717,2,2,2005,7,558.0
1718,2,2,2005,8,462.0
1719,2,2,2005,9,678.0
1720,2,2,2005,10,451.0
1721,2,2,2005,11,496.0
1722,2,2,2005,12,487.0
1724,2,2,2004,1,286.0
1725,2,2,2004,2,240.0
1726,2,2,2004,3,321.0
1727,2,2,2004,4,388.0
1728,2,2,2004,5,476.0
1729,2,2,2004,6,491.0
1730,2,2,2004,7,646.0
1731,2,2,2004,8,584.0
1732,2,2,2004,9,541.0
1733,2,2,2004,10,465.0
1734,2,2,2004,11,360.0
1735,2,2,2004,12,416.0
1737,2,2,2003,1,282.0
1738,2,2,2003,2,232.0
1739,2,2,2003,3,374.0
1740,2,2,2003,4,429.0
1741,2,2,2003,5,510.0
1742,2,2,2003,6,566.0
1743,2,2,2003,7,538.0
1744,2,2,2003,8,461.0
1745,2,2,2003,9,452.0
1746,2,2,2003,10,466.0
1747,2,2,2003,11,359.0
1748,2,2,2003,12,383.0
1750,2,2,2002,1,328.0
1751,2,2,2002,2,316.0
1752,2,2,2002,3,414.0
1753,2,2,2002,4,432.0
1754,2,2,2002,5,537.0
1755,2,2,2002,6,675.0
1756,2,2,2002,7,711.0
1757,2,2,2002,8,479.0
1758,2,2,2002,9,509.0
1759,2,2,2002,10,467.0
1760,2,2,2002,11,448.0
1761,2,2,2002,12,304.0
1763,2,2,2001,1,354.0
1764,2,2,2001,2,343.0
1765,2,2,2001,3,426.0
1766,2,2,2001,4,454.0
1767,2,2,2001,5,655.0
1768,2,2,2001,6,560.0
1769,2,2,2001,7,755.0
1770,2,2,2001,8,510.0
1771,2,2,2001,9,497.0
1772,2,2,2001,10,581.0
1773,2,2,2001,11,436.0
1774,2,2,2001,12,377.0
1776,2,2,2000,1,321.0
1777,2,2,2000,2,329.0
1778,2,2,2000,3,414.0
1779,2,2,2000,4,441.0
1780,2,2,2000,5,568.0
1781,2,2,2000,6,555.0
1782,2,2,2000,7,610.0
1783,2,2,2000,8,525.0
1784,2,2,2000,9,557.0
1785,2,2,2000,10,493.0
1786,2,2,2000,11,461.0
1787,2,2,2000,12,403.0
1814,2,1,2020,1,360.0
1815,2,1,2020,2,355.0
1816,2,1,2020,3,334.0
1817,2,1,2020,4,363.0
1818,2,1,2020,5,464.0
1819,2,1,2020,6,585.0
1820,2,1,2020,7,821.0
1821,2,1,2020,8,563.0
1822,2,1,2020,9,634.0
1823,2,1,2020,10,566.0
1824,2,1,2020,11,348.0
1825,2,1,2020,12,311.0
1827,2,1,2019,1,297.0
1828,2,1,2019,2,345.0
1829,2,1,2019,3,427.0
1830,2,1,2019,4,515.0
1831,2,1,2019,5,484.0
1832,2,1,2019,6,710.0
1833,2,1,2019,7,898.0
1834,2,1,2019,8,532.0
1835,2,1,2019,9,609.0
1836,2,1,2019,10,591.0
1837,2,1,2019,11,453.0
1838,2,1,2019,12,378.0
1840,2,1,2018,1,350.0
1841,2,1,2018,2,328.0
1842,2,1,2018,3,383.0
1843,2,1,2018,4,619.0
1844,2,1,2018,5,640.0
1845,2,1,2018,6,732.0
1846,2,1,2018,7,852.0
1847,2,1,2018,8,529.0
1848,2,1,2018,9,645.0
1849,2,1,2018,10,616.0
1850,2,1,2018,11,485.0
1851,2,1,2018,12,348.0
1853,2,1,2017,1,307.0
1854,2,1,2017,2,334.0
1855,2,1,2017,3,486.0
1856,2,1,2017,4,439.0
1857,2,1,2017,5,631.0
1858,2,1,2017,6,668.0
1859,2,1,2017,7,752.0
1860,2,1,2017,8,504.0
1861,2,1,2017,9,546.0
1862,2,1,2017,10,572.0
1863,2,1,2017,11,443.0
1864,2,1,2017,12,376.0
1866,2,1,2016,1,380.0
1867,2,1,2016,2,351.0
1868,2,1,2016,3,370.0
1869,2,1,2016,4,545.0
1870,2,1,2016,5,602.0
1871,2,1,2016,6,691.0
1872,2,1,2016,7,742.0
1873,2,1,2016,8,540.0
1874,2,1,2016,9,759.0
1875,2,1,2016,10,559.0
1876,2,1,2016,11,489.0
1877,2,1,2016,12,381.0
1879,2,1,2015,1,334.0
1880,2,1,2015,2,321.0
1881,2,1,2015,3,471.0
1882,2,1,2015,4,598.0
1883,2,1,2015,5,604.0
1884,2,1,2015,6,673.0
1885,2,1,2015,7,809.0
1886,2,1,2015,8,546.0
1887,2,1,2015,9,614.0
1888,2,1,2015,10,569.0
1889,2,1,2015,11,506.0
1890,2,1,2015,12,479.0
1892,2,1,2014,1,412.0
1893,2,1,2014,2,372.0
1894,2,1,2014,3,559.0
1895,2,1,2014,4,549.0
1896,2,1,2014,5,671.0
1897,2,1,2014,6,656.0
1898,2,1,2014,7,783.0
1899,2,1,2014,8,517.0
1900,2,1,2014,9,620.0
1901,2,1,2014,10,652.0
1902,2,1,2014,11,464.0
1903,2,1,2014,12,413.0
1905,2,1,2013,1,320.0
1906,2,1,2013,2,326.0
1907,2,1,2013,3,350.0
1908,2,1,2013,4,523.0
1909,2,1,2013,5,530.0
1910,2,1,2013,6,734.0
1911,2,1,2013,7,976.0
1912,2,1,2013,8,645.0
1913,2,1,2013,9,617.0
1914,2,1,2013,10,595.0
1915,2,1,2013,11,483.0
1916,2,1,2013,12,423.0
1918,2,1,2012,1,338.0
1919,2,1,2012,2,290.0
1920,2,1,2012,3,526.0
1921,2,1,2012,4,485.0
1922,2,1,2012,5,719.0
1923,2,1,2012,6,681.0
1924,2,1,2012,7,730.0
1925,2,1,2012,8,635.0
1926,2,1,2012,9,632.0
1927,2,1,2012,10,580.0
1928,2,1,2012,11,471.0
1929,2,1,2012,12,317.0
1931,2,1,2011,1,328.0
1932,2,1,2011,2,343.0
1933,2,1,2011,3,425.0
1934,2,1,2011,4,604.0
1935,2,1,2011,5,765.0
1936,2,1,2011,6,472.0
1937,2,1,2011,7,637.0
1938,2,1,2011,8,487.0
1939,2,1,2011,9,519.0
1940,2,1,2011,10,481.0
1941,2,1,2011,11,438.0
1942,2,1,2011,12,370.0
1944,2,1,2010,1,192.0
1945,2,1,2010,2,247.0
1946,2,1,2010,3,341.0
1947,2,1,2010,4,216.0
1948,2,1,2010,5,389.0
1949,2,1,2010,6,517.0
1950,2,1,2010,7,721.0
1951,2,1,2010,8,481.0
1952,2,1,2010,9,534.0
1953,2,1,2010,10,524.0
1954,2,1,2010,11,383.0
1955,2,1,2010,12,277.0
1957,2,1,2009,1,223.0
1958,2,1,2009,2,340.0
1959,2,1,2009,3,245.0
1960,2,1,2009,4,416.0
1961,2,1,2009,5,535.0
1962,2,1,2009,6,443.0
1963,2,1,2009,7,556.0
1964,2,1,2009,8,466.0
1965,2,1,2009,9,452.0
1966,2,1,2009,10,432.0
1967,2,1,2009,11,366.0
1968,2,1,2009,12,391.0
1970,2,1,2008,1,307.0
1971,2,1,2008,2,340.0
1972,2,1,2008,3,254.0
1973,2,1,2008,4,355.0
1974,2,1,2008,5,534.0
1975,2,1,2008,6,473.0
1976,2,1,2008,7,538.0
1977,2,1,2008,8,480.0
1978,2,1,2008,9,422.0
1979,2,1,2008,10,455.0
1980,2,1,2008,11,321.0
1981,2,1,2008,12,272.0
1983,2,1,2007,1,268.0
1984,2,1,2007,2,277.0
1985,2,1,2007,3,347.0
1986,2,1,2007,4,500.0
1987,2,1,2007,5,591.0
1988,2,1,2007,6,535.0
1989,2,1,2007,7,511.0
1990,2,1,2007,8,422.0
1991,2,1,2007,9,462.0
1992,2,1,2007,10,491.0
1993,2,1,2007,11,405.0
1994,2,1,2007,12,414.0
1996,2,1,2006,1,364.0
1997,2,1,2006,2,279.0
1998,2,1,2006,3,375.0
1999,2,1,2006,4,387.0
2000,2,1,2006,5,564.0
2001,2,1,2006,6,479.0
2002,2,1,2006,7,787.0
2003,2,1,2006,8,513.0
2004,2,1,2006,9,490.0
2005,2,1,2006,10,632.0
2006,2,1,2006,11,468.0
2007,2,1,2006,12,466.0
2009,2,1,2005,1,306.0
2010,2,1,2005,2,282.0
2011,2,1,2005,3,385.0
2012,2,1,2005,4,514.0
2013,2,1,2005,5,618.0
2014,2,1,2005,6,729.0
2015,2,1,2005,7,675.0
2016,2,1,2005,8,582.0
2017,2,1,2005,9,825.0
2018,2,1,2005,10,568.0
2019,2,1,2005,11,458.0
2020,2,1,2005,12,460.0
2022,2,1,2004,1,377.0
2023,2,1,2004,2,310.0
2024,2,1,2004,3,403.0
2025,2,1,2004,4,461.0
2026,2,1,2004,5,600.0
2027,2,1,2004,6,598.0
2028,2,1,2004,7,811.0
2029,2,1,2004,8,584.0
2030,2,1,2004,9,659.0
2031,2,1,2004,10,561.0
2032,2,1,2004,11,439.0
2033,2,1,2004,12,416.0
2035,2,1,2003,1,358.0
2036,2,1,2003,2,308.0
2037,2,1,2003,3,476.0
2038,2,1,2003,4,535.0
2039,2,1,2003,5,632.0
2040,2,1,2003,6,723.0
2041,2,1,2003,7,644.0
2042,2,1,2003,8,577.0
2043,2,1,2003,9,560.0
2044,2,1,2003,10,595.0
2045,2,1,2003,11,464.0
2046,2,1,2003,12,493.0
2048,2,1,2002,1,431.0
2049,2,1,2002,2,393.0
2050,2,1,2002,3,520.0
2051,2,1,2002,4,521.0
2052,2,1,2002,5,654.0
2053,2,1,2002,6,833.0
2054,2,1,2002,7,865.0
2055,2,1,2002,8,601.0
2056,2,1,2002,9,621.0
2057,2,1,2002,10,630.0
2058,2,1,2002,11,563.0
2059,2,1,2002,12,394.0
2061,2,1,2001,1,448.0
2062,2,1,2001,2,439.0
2063,2,1,2001,3,535.0
2064,2,1,2001,4,578.0
2065,2,1,2001,5,817.0
2066,2,1,2001,6,679.0
2067,2,1,2001,7,921.0
2068,2,1,2001,8,600.0
2069,2,1,2001,9,643.0
2070,2,1,2001,10,717.0
2071,2,1,2001,11,568.0
2072,2,1,2001,12,507.0
2074,2,1,2000,1,434.0
2075,2,1,2000,2,419.0
2076,2,1,2000,3,509.0
2077,2,1,2000,4,557.0
2078,2,1,2000,5,675.0
2079,2,1,2000,6,685.0
2080,2,1,2000,7,744.0
2081,2,1,2000,8,647.0
2082,2,1,2000,9,675.0
2083,2,1,2000,10,615.0
2084,2,1,2000,11,578.0
2085,2,1,2000,12,515.0
